peak_called_in,Catlas,n,percent,label
CM,A Cardiomyocyte,29482,60.185771154435,A Cardiomyocyte
CM,Adipocyte,3480,7.10421557619679,
CM,Alpha 1,6601,13.4755537409411,
CM,Alveolar Cap Endo,864,1.76380524650403,
CM,Alveolar Type 2  Immune ,2560,5.22608961927121,
CM,Cardiac Fibroblast,1425,2.90905379197714,
CM,Cardiac Pericyte 1,2329,4.75451668878228,
CM,Cardiac Pericyte 2,2014,4.11146269266102,
CM,Cardiac Pericyte 3,446,0.910482800857405,
CM,Colon Epithelial 3,1711,3.49290599163009,
CM,Endocardial,733,1.49637644176789,
CM,Endothelial Exocrine,857,1.74951515770134,
CM,Endothelial General 1,1385,2.82739614167602,
CM,Endothelial General 2,989,2.01898540369501,
CM,Endothelial General 3,930,1.89854036950087,
CM,Endothelial Myocardial,1560,3.18464836174339,
CM,Esophageal Epithelial,5845,11.9322241502501,
CM,Fetal A Cardiomyocyte,18799,38.3770542002654,
CM,Fetal Alveolar Cap Endo,1652,3.37246095743595,
CM,Fetal Astrocyte 2,2967,6.05695621108503,
CM,Fetal B Lymphocyte 1  SPIB  ,1717,3.50515463917526,
CM,Fetal B Lymphocyte 2  CXCR5  ,925,1.88833316321323,
CM,Fetal Cardiac Fibroblast,2672,5.45473104011432,
CM,Fetal Cholangiocyte,670,1.36776564254364,
CM,Fetal Endocardial,1220,2.49055833418393,
CM,Fetal Endothelial General 1,2817,5.75074002245585,
CM,Fetal Endothelial General 2,1991,4.06450954373788,
CM,Fetal Endothelial Hepatic 1,2115,4.31764825967133,
CM,Fetal Endothelial Hepatic 2,1333,2.72124119628458,
CM,Fetal Enteric Glia,1776,3.6255996733694,
CM,Fetal Enterocyte 2,4293,8.76390731856691,
CM,Fetal Fibro General 3,2083,4.25232213943044,
CM,Fetal Hematopoeitic Stem,1074,2.19250791058487,
CM,Fetal Inhibitory Neuron 1,3196,6.5244462590589,
CM,Fetal Macrophage General 1,1247,2.54567724813719,
CM,Fetal Macrophage General 2,626,1.27794222721241,
CM,Fetal Macrophage General 3,675,1.37797284883128,
CM,Fetal Macrophage General 4,668,1.36368276002858,
CM,Fetal Macrophage Hepatic 1,1582,3.229560069409,
CM,Fetal Macrophage Hepatic 2,1378,2.81310605287333,
CM,Fetal Macrophage Hepatic 3,2050,4.18495457793202,
CM,Fetal Macrophage Placental,1881,3.83995100540982,
CM,Fetal Schwann General,1797,3.66846993977748,
CM,Fetal T Lymphocyte 1  CD4  ,1823,3.72154741247321,
CM,Fetal T Lymphocyte 2  Cytotoxic ,1104,2.25375114831071,
CM,Fetal T Lymphocyte 3  IL2  ,955,1.94957640093906,
CM,Fetal Thymocyte,2833,5.7834030825763,
CM,Fetal V Cardiomyocyte,19395,39.593753189752,
CM,Fibro General,2124,4.33602123098908,
CM,Lymphatic,1742,3.55619067061345,
CM,Macrophage Gen or Alv,2094,4.27477799326324,
CM,Macrophage General,1742,3.55619067061345,
CM,Mammary Basal Epi,4000,8.16576503011126,
CM,Mast,1420,2.8988465856895,
CM,Melanocyte,1025,2.09247728896601,
CM,Memory B,757,1.54537103194856,
CM,Mesothelial,1685,3.43982851893437,
CM,Microglia,679,1.38613861386139,
CM,Naive T,781,1.59436562212922,
CM,Natural Killer T,880,1.79646830662448,
CM,Oligo Precursor,2342,4.78105542513014,
CM,Oligodendrocyte,2460,5.02194549351842,
CM,Pericyte General 1,707,1.44329896907217,
CM,Pericyte General 2,1991,4.06450954373788,
CM,Pericyte General 3,1554,3.17239971419822,
CM,Pericyte General 4,880,1.79646830662448,
CM,Pericyte Muscularis,1267,2.58650607328774,
CM,Plasma B,1371,2.79881596407063,
CM,Schwann General,2516,5.13626620393998,
CM,T Lymphocyte 1  CD8  ,1171,2.39052771256507,
CM,T lymphocyte 2  CD4  ,895,1.82708992548739,
CM,V Cardiomyocyte,27510,56.1600489945902,
CM,Vasc Sm Muscle 1,3998,8.1616821475962,
CM,Vasc Sm Muscle 2,2838,5.79361028886394,
FB,A Cardiomyocyte,605,2.63192239091661,
FB,Adipocyte,3519,15.3086527167529,
FB,Alpha 1,1764,7.67390264062296,
FB,Alveolar Cap Endo,325,1.41384260669074,
FB,Alveolar Type 2  Immune ,830,3.61073650324096,
FB,Cardiac Fibroblast,13665,59.446643755166,Cardiac Fibroblast
FB,Cardiac Pericyte 1,3390,14.7474659590203,
FB,Cardiac Pericyte 2,1122,4.8810197067908,
FB,Cardiac Pericyte 3,510,2.21864532126854,
FB,Colon Epithelial 3,426,1.85322138600078,
FB,Endocardial,552,2.40135728890242,
FB,Endothelial Exocrine,358,1.55740200983164,
FB,Endothelial General 1,653,2.84073606821247,
FB,Endothelial General 2,603,2.62322182102928,
FB,Endothelial General 3,410,1.78361682690216,
FB,Endothelial Myocardial,1016,4.41988950276243,
FB,Esophageal Epithelial,2538,11.0410231870188,
FB,Fetal A Cardiomyocyte,785,3.41497368077609,
FB,Fetal Alveolar Cap Endo,868,3.77604733110019,
FB,Fetal Astrocyte 2,1537,6.68638795841128,
FB,Fetal B Lymphocyte 1  SPIB  ,594,2.5840692565363,
FB,Fetal B Lymphocyte 2  CXCR5  ,266,1.15717579501457,
FB,Fetal Cardiac Fibroblast,8094,35.2112063340149,
FB,Fetal Cholangiocyte,175,0.761299865141167,
FB,Fetal Endocardial,735,3.1974594335929,
FB,Fetal Endothelial General 1,1850,8.04802714577805,
FB,Fetal Endothelial General 2,873,3.79779875581851,
FB,Fetal Endothelial Hepatic 1,770,3.34971940662113,
FB,Fetal Endothelial Hepatic 2,340,1.4790968808457,
FB,Fetal Enteric Glia,1263,5.49440988384739,
FB,Fetal Enterocyte 2,1625,7.06921303345369,
FB,Fetal Fibro General 3,2292,9.97085309087745,
FB,Fetal Hematopoeitic Stem,312,1.35728890242311,
FB,Fetal Inhibitory Neuron 1,1430,6.22090746943925,
FB,Fetal Macrophage General 1,503,2.1881933266629,
FB,Fetal Macrophage General 2,468,2.03593335363466,
FB,Fetal Macrophage General 3,320,1.39209118197242,
FB,Fetal Macrophage General 4,284,1.23548092400052,
FB,Fetal Macrophage Hepatic 1,784,3.41062339583243,
FB,Fetal Macrophage Hepatic 2,399,1.73576369252186,
FB,Fetal Macrophage Hepatic 3,539,2.34480358463479,
FB,Fetal Macrophage Placental,805,3.50197937964937,
FB,Fetal Schwann General,1294,5.62926871710097,
FB,Fetal T Lymphocyte 1  CD4  ,553,2.40570757384609,
FB,Fetal T Lymphocyte 2  Cytotoxic ,320,1.39209118197242,
FB,Fetal T Lymphocyte 3  IL2  ,324,1.40949232174707,
FB,Fetal Thymocyte,828,3.60203593335363,
FB,Fetal V Cardiomyocyte,1738,7.5607952320877,
FB,Fibro General,10792,46.9482751120198,
FB,Lymphatic,927,4.03271414277635,
FB,Macrophage Gen or Alv,1185,5.15508765824162,
FB,Macrophage General,1075,4.6765563144386,
FB,Mammary Basal Epi,1766,7.68260321051029,
FB,Mast,499,2.17079218688824,
FB,Melanocyte,746,3.2453125679732,
FB,Memory B,250,1.08757123591595,
FB,Mesothelial,1532,6.66463653369296,
FB,Microglia,299,1.30073519815548,
FB,Naive T,602,2.61887153608561,
FB,Natural Killer T,269,1.17022664984557,
FB,Oligo Precursor,1703,7.40853525905947,
FB,Oligodendrocyte,1358,5.90768695349545,
FB,Pericyte General 1,833,3.62378735807195,
FB,Pericyte General 2,1072,4.6635054596076,
FB,Pericyte General 3,2576,11.206334014878,
FB,Pericyte General 4,1079,4.69395745421325,
FB,Pericyte Muscularis,1959,8.5222082046374,
FB,Plasma B,486,2.11423848262061,
FB,Schwann General,2616,11.3803454126245,
FB,T Lymphocyte 1  CD8  ,392,1.70531169791621,
FB,T lymphocyte 2  CD4  ,349,1.51824944533867,
FB,V Cardiomyocyte,1026,4.46339235219907,
FB,Vasc Sm Muscle 1,3194,13.8948101100622,
FB,Vasc Sm Muscle 2,2863,12.4548657937095,
EC,A Cardiomyocyte,72,1.94436943019174,
EC,Adipocyte,145,3.91574399135836,
EC,Alpha 1,295,7.96651363759114,
EC,Alveolar Cap Endo,1129,30.4887928706454,
EC,Alveolar Type 2  Immune ,433,11.6932217121253,
EC,Cardiac Fibroblast,157,4.23980556305698,
EC,Cardiac Pericyte 1,312,8.42560086416419,
EC,Cardiac Pericyte 2,114,3.07858493113692,
EC,Cardiac Pericyte 3,780,21.0640021604105,
EC,Colon Epithelial 3,207,5.59006211180124,
EC,Endocardial,608,16.4191196327302,
EC,Endothelial Exocrine,1023,27.6262489873076,
EC,Endothelial General 1,2312,62.4358628139347,
EC,Endothelial General 2,1777,47.9881177423711,
EC,Endothelial General 3,1858,50.1755333513368,
EC,Endothelial Myocardial,3262,88.0907372400756,Endothelial Myocardial
EC,Esophageal Epithelial,537,14.5017553335134,
EC,Fetal A Cardiomyocyte,116,3.13259519308669,
EC,Fetal Alveolar Cap Endo,1397,37.7261679719147,
EC,Fetal Astrocyte 2,124,3.34863624088577,
EC,Fetal B Lymphocyte 1  SPIB  ,196,5.29300567107751,
EC,Fetal B Lymphocyte 2  CXCR5  ,125,3.37564137186065,
EC,Fetal Cardiac Fibroblast,194,5.23899540912773,
EC,Fetal Cholangiocyte,67,1.80934377531731,
EC,Fetal Endocardial,279,7.53443154199298,
EC,Fetal Endothelial General 1,2209,59.6543343235215,
EC,Fetal Endothelial General 2,1519,41.0207939508507,
EC,Fetal Endothelial Hepatic 1,951,25.6818795571159,
EC,Fetal Endothelial Hepatic 2,448,12.0982986767486,
EC,Fetal Enteric Glia,93,2.51147718066433,
EC,Fetal Enterocyte 2,326,8.80367269781258,
EC,Fetal Fibro General 3,326,8.80367269781258,
EC,Fetal Hematopoeitic Stem,124,3.34863624088577,
EC,Fetal Inhibitory Neuron 1,156,4.2128004320821,
EC,Fetal Macrophage General 1,152,4.10477990818255,
EC,Fetal Macrophage General 2,70,1.89035916824197,
EC,Fetal Macrophage General 3,109,2.94355927626249,
EC,Fetal Macrophage General 4,93,2.51147718066433,
EC,Fetal Macrophage Hepatic 1,239,6.45422630299757,
EC,Fetal Macrophage Hepatic 2,115,3.1055900621118,
EC,Fetal Macrophage Hepatic 3,126,3.40264650283554,
EC,Fetal Macrophage Placental,264,7.1293545773697,
EC,Fetal Schwann General,113,3.05157980016203,
EC,Fetal T Lymphocyte 1  CD4  ,284,7.66945719686741,
EC,Fetal T Lymphocyte 2  Cytotoxic ,157,4.23980556305698,
EC,Fetal T Lymphocyte 3  IL2  ,156,4.2128004320821,
EC,Fetal Thymocyte,271,7.3183904941939,
EC,Fetal V Cardiomyocyte,383,10.342965163381,
EC,Fibro General,227,6.13016473129895,
EC,Lymphatic,1016,27.4372130704834,
EC,Macrophage Gen or Alv,298,8.0475290305158,
EC,Macrophage General,294,7.93950850661626,
EC,Mammary Basal Epi,421,11.3691601404267,
EC,Mast,158,4.26681069403187,
EC,Melanocyte,58,1.56629759654334,
EC,Memory B,125,3.37564137186065,
EC,Mesothelial,83,2.24142587091547,
EC,Microglia,76,2.05238995409128,
EC,Naive T,206,5.56305698082636,
EC,Natural Killer T,155,4.18579530110721,
EC,Oligo Precursor,88,2.3764515257899,
EC,Oligodendrocyte,136,3.67269781258439,
EC,Pericyte General 1,59,1.59330272751823,
EC,Pericyte General 2,91,2.45746691871456,
EC,Pericyte General 3,95,2.5654874426141,
EC,Pericyte General 4,97,2.61949770456387,
EC,Pericyte Muscularis,195,5.26600054010262,
EC,Plasma B,138,3.72670807453416,
EC,Schwann General,154,4.15879017013233,
EC,T Lymphocyte 1  CD8  ,200,5.40102619497705,
EC,T lymphocyte 2  CD4  ,168,4.53686200378072,
EC,V Cardiomyocyte,142,3.8347285984337,
EC,Vasc Sm Muscle 1,170,4.59087226573049,
EC,Vasc Sm Muscle 2,123,3.32163110991088,
Myeloid,A Cardiomyocyte,232,1.39978279232533,
Myeloid,Adipocyte,841,5.07421262217932,
Myeloid,Alpha 1,1052,6.34729093761313,
Myeloid,Alveolar Cap Endo,840,5.06817907566067,
Myeloid,Alveolar Type 2  Immune ,2870,17.3162785085073,
Myeloid,Cardiac Fibroblast,585,3.52962471340654,
Myeloid,Cardiac Pericyte 1,602,3.63219500422348,
Myeloid,Cardiac Pericyte 2,245,1.4782188970677,
Myeloid,Cardiac Pericyte 3,724,4.36828767949801,
Myeloid,Colon Epithelial 3,884,5.33365512248099,
Myeloid,Endocardial,312,1.88246651381682,
Myeloid,Endothelial Exocrine,644,3.88560395800652,
Myeloid,Endothelial General 1,694,4.1872812839387,
Myeloid,Endothelial General 2,485,2.92627006154217,
Myeloid,Endothelial General 3,638,3.84940267889465,
Myeloid,Endothelial Myocardial,967,5.83443948352842,
Myeloid,Esophageal Epithelial,2002,12.0791601303246,
Myeloid,Fetal A Cardiomyocyte,261,1.574755641366,
Myeloid,Fetal Alveolar Cap Endo,780,4.70616628454205,
Myeloid,Fetal Astrocyte 2,301,1.81609750211174,
Myeloid,Fetal B Lymphocyte 1  SPIB  ,3915,23.6213346204899,
Myeloid,Fetal B Lymphocyte 2  CXCR5  ,3068,18.5109207191987,
Myeloid,Fetal Cardiac Fibroblast,460,2.77543139857608,
Myeloid,Fetal Cholangiocyte,111,0.669723663569446,
Myeloid,Fetal Endocardial,237,1.42995052491855,
Myeloid,Fetal Endothelial General 1,1283,7.74104018341981,
Myeloid,Fetal Endothelial General 2,1296,7.81947628816218,
Myeloid,Fetal Endothelial Hepatic 1,1684,10.1604923373959,
Myeloid,Fetal Endothelial Hepatic 2,669,4.03644262097261,
Myeloid,Fetal Enteric Glia,205,1.23687703632195,
Myeloid,Fetal Enterocyte 2,1527,9.21322553396887,
Myeloid,Fetal Fibro General 3,535,3.22794738747436,
Myeloid,Fetal Hematopoeitic Stem,3044,18.3661156027513,
Myeloid,Fetal Inhibitory Neuron 1,324,1.95486907204055,
Myeloid,Fetal Macrophage General 1,12044,72.6680342705442,
Myeloid,Fetal Macrophage General 2,5764,34.7773621334621,
Myeloid,Fetal Macrophage General 3,8433,50.880897791722,
Myeloid,Fetal Macrophage General 4,7687,46.3798720888138,
Myeloid,Fetal Macrophage Hepatic 1,12584,75.9261493906118,
Myeloid,Fetal Macrophage Hepatic 2,7641,46.1023289489562,
Myeloid,Fetal Macrophage Hepatic 3,5780,34.8738988777604,
Myeloid,Fetal Macrophage Placental,11818,71.3044527573308,
Myeloid,Fetal Schwann General,315,1.90056715337275,
Myeloid,Fetal T Lymphocyte 1  CD4  ,2517,15.1864365874261,
Myeloid,Fetal T Lymphocyte 2  Cytotoxic ,1323,7.98238204416556,
Myeloid,Fetal T Lymphocyte 3  IL2  ,1217,7.34282611318933,
Myeloid,Fetal Thymocyte,2092,12.6221793170025,
Myeloid,Fetal V Cardiomyocyte,598,3.60806081814891,
Myeloid,Fibro General,829,5.00181006395559,
Myeloid,Lymphatic,754,4.54929407505732,
Myeloid,Macrophage Gen or Alv,13079,78.9127549173404,
Myeloid,Macrophage General,15361,92.6813080728853,Macrophage General
Myeloid,Mammary Basal Epi,1065,6.4257270423555,
Myeloid,Mast,2722,16.423313623748,
Myeloid,Melanocyte,366,2.20827802582358,
Myeloid,Memory B,2928,17.6662242065886,
Myeloid,Mesothelial,343,2.06950645589478,
Myeloid,Microglia,7064,42.6209726076988,
Myeloid,Naive T,1189,7.17388681066731,
Myeloid,Natural Killer T,1358,8.19355617231809,
Myeloid,Oligo Precursor,274,1.65319174610836,
Myeloid,Oligodendrocyte,262,1.58078918788464,
Myeloid,Pericyte General 1,161,0.971400989501629,
Myeloid,Pericyte General 2,257,1.55062145529142,
Myeloid,Pericyte General 3,310,1.87039942077953,
Myeloid,Pericyte General 4,336,2.02727163026427,
Myeloid,Pericyte Muscularis,395,2.38325087486425,
Myeloid,Plasma B,2509,15.1381682152769,
Myeloid,Schwann General,478,2.88403523591167,
Myeloid,T Lymphocyte 1  CD8  ,1709,10.311331000362,
Myeloid,T lymphocyte 2  CD4  ,1422,8.57970314951128,
Myeloid,V Cardiomyocyte,391,2.35911668878967,
Myeloid,Vasc Sm Muscle 1,446,2.69096174731507,
Myeloid,Vasc Sm Muscle 2,462,2.78749849161337,
Mesothelial,A Cardiomyocyte,734,2.89866519232288,
Mesothelial,Adipocyte,3295,13.0124002843377,
Mesothelial,Alpha 1,3458,13.6561093120607,
Mesothelial,Alveolar Cap Endo,417,1.64678935313166,
Mesothelial,Alveolar Type 2  Immune ,2267,8.95268936102993,
Mesothelial,Cardiac Fibroblast,2118,8.36426822525867,
Mesothelial,Cardiac Pericyte 1,885,3.49498459837296,
Mesothelial,Cardiac Pericyte 2,492,1.942974488587,
Mesothelial,Cardiac Pericyte 3,141,0.55682805465603,
Mesothelial,Colon Epithelial 3,1265,4.99565595134666,
Mesothelial,Endocardial,587,2.31814232683042,
Mesothelial,Endothelial Exocrine,452,1.78500908301082,
Mesothelial,Endothelial General 1,906,3.57791643630045,
Mesothelial,Endothelial General 2,749,2.95790221941395,
Mesothelial,Endothelial General 3,458,1.80870389384725,
Mesothelial,Endothelial Myocardial,935,3.69244135534318,
Mesothelial,Esophageal Epithelial,6967,27.513624516231,
Mesothelial,Fetal A Cardiomyocyte,925,3.65295000394914,
Mesothelial,Fetal Alveolar Cap Endo,613,2.42081984045494,
Mesothelial,Fetal Astrocyte 2,851,3.3607140036332,
Mesothelial,Fetal B Lymphocyte 1  SPIB  ,632,2.49585340810363,
Mesothelial,Fetal B Lymphocyte 2  CXCR5  ,412,1.62704367743464,
Mesothelial,Fetal Cardiac Fibroblast,1671,6.59900481794487,
Mesothelial,Fetal Cholangiocyte,713,2.81573335439539,
Mesothelial,Fetal Endocardial,648,2.5590395703341,
Mesothelial,Fetal Endothelial General 1,1075,4.24532027485981,
Mesothelial,Fetal Endothelial General 2,877,3.46339151725772,
Mesothelial,Fetal Endothelial Hepatic 1,869,3.43179843614249,
Mesothelial,Fetal Endothelial Hepatic 2,535,2.11278729958139,
Mesothelial,Fetal Enteric Glia,538,2.12463470499961,
Mesothelial,Fetal Enterocyte 2,2677,10.5718347681858,
Mesothelial,Fetal Fibro General 3,737,2.91051259774109,
Mesothelial,Fetal Hematopoeitic Stem,465,1.83634783982308,
Mesothelial,Fetal Inhibitory Neuron 1,1490,5.88421135771266,
Mesothelial,Fetal Macrophage General 1,558,2.20361740778769,
Mesothelial,Fetal Macrophage General 2,293,1.15709659584551,
Mesothelial,Fetal Macrophage General 3,499,1.97061843456283,
Mesothelial,Fetal Macrophage General 4,319,1.25977410947003,
Mesothelial,Fetal Macrophage Hepatic 1,805,3.1790537872206,
Mesothelial,Fetal Macrophage Hepatic 2,567,2.23915962404233,
Mesothelial,Fetal Macrophage Hepatic 3,908,3.58581470657926,
Mesothelial,Fetal Macrophage Placental,738,2.9144617328805,
Mesothelial,Fetal Schwann General,741,2.92630913829871,
Mesothelial,Fetal T Lymphocyte 1  CD4  ,987,3.89779638259221,
Mesothelial,Fetal T Lymphocyte 2  Cytotoxic ,492,1.942974488587,
Mesothelial,Fetal T Lymphocyte 3  IL2  ,436,1.72182292078035,
Mesothelial,Fetal Thymocyte,1283,5.06674038385594,
Mesothelial,Fetal V Cardiomyocyte,1659,6.55161519627202,
Mesothelial,Fibro General,3484,13.7587868256852,
Mesothelial,Lymphatic,965,3.81091540952531,
Mesothelial,Macrophage Gen or Alv,1890,7.46386541347445,
Mesothelial,Macrophage General,1278,5.04699470815891,
Mesothelial,Mammary Basal Epi,3427,13.5336861227391,
Mesothelial,Mast,673,2.65776794881921,
Mesothelial,Melanocyte,290,1.1452491904273,
Mesothelial,Memory B,364,1.43748519074323,
Mesothelial,Mesothelial,14977,59.1461969828608,Mesothelial
Mesothelial,Microglia,269,1.0623173524998,
Mesothelial,Naive T,725,2.86312297606824,
Mesothelial,Natural Killer T,397,1.56780665034357,
Mesothelial,Oligo Precursor,694,2.7406997867467,
Mesothelial,Oligodendrocyte,673,2.65776794881921,
Mesothelial,Pericyte General 1,207,0.817470973856725,
Mesothelial,Pericyte General 2,590,2.32998973224864,
Mesothelial,Pericyte General 3,879,3.47128978753653,
Mesothelial,Pericyte General 4,313,1.2360792986336,
Mesothelial,Pericyte Muscularis,501,1.97851670484164,
Mesothelial,Plasma B,650,2.56693784061291,
Mesothelial,Schwann General,1042,4.11499881525946,
Mesothelial,T Lymphocyte 1  CD8  ,729,2.87891951662586,
Mesothelial,T lymphocyte 2  CD4  ,676,2.66961535423742,
Mesothelial,V Cardiomyocyte,1352,5.33923070847484,
Mesothelial,Vasc Sm Muscle 1,2262,8.93294368533291,
Mesothelial,Vasc Sm Muscle 2,1672,6.60295395308427,
Endocardial,A Cardiomyocyte,165,1.93821214612945,
Endocardial,Adipocyte,378,4.44026782567837,
Endocardial,Alpha 1,822,9.65582050980853,
Endocardial,Alveolar Cap Endo,921,10.8187477974862,
Endocardial,Alveolar Type 2  Immune ,521,6.12005168565723,
Endocardial,Cardiac Fibroblast,539,6.33149301068953,
Endocardial,Cardiac Pericyte 1,629,7.38869963585105,
Endocardial,Cardiac Pericyte 2,296,3.47703512275344,
Endocardial,Cardiac Pericyte 3,206,2.41982849759192,
Endocardial,Colon Epithelial 3,378,4.44026782567837,
Endocardial,Endocardial,3274,38.4588276753201,Endocardial
Endocardial,Endothelial Exocrine,1171,13.7554328673793,
Endocardial,Endothelial General 1,1621,19.0414659931869,
Endocardial,Endothelial General 2,1493,17.5378832374016,
Endocardial,Endothelial General 3,981,11.5235522142605,
Endocardial,Endothelial Myocardial,1709,20.0751791377893,
Endocardial,Esophageal Epithelial,938,11.0184423822389,
Endocardial,Fetal A Cardiomyocyte,348,4.0878656172912,
Endocardial,Fetal Alveolar Cap Endo,1264,14.8478797133795,
Endocardial,Fetal Astrocyte 2,340,3.99389169505462,
Endocardial,Fetal B Lymphocyte 1  SPIB  ,259,3.04240573240926,
Endocardial,Fetal B Lymphocyte 2  CXCR5  ,165,1.93821214612945,
Endocardial,Fetal Cardiac Fibroblast,793,9.31516504170093,
Endocardial,Fetal Cholangiocyte,163,1.9147186655703,
Endocardial,Fetal Endocardial,2830,33.24327499119,
Endocardial,Fetal Endothelial General 1,1632,19.1706801362622,
Endocardial,Fetal Endothelial General 2,1662,19.5230823446494,
Endocardial,Fetal Endothelial Hepatic 1,2101,24.6799013273817,
Endocardial,Fetal Endothelial Hepatic 2,967,11.3590978503465,
Endocardial,Fetal Enteric Glia,217,2.54904264066722,
Endocardial,Fetal Enterocyte 2,736,8.6456008457653,
Endocardial,Fetal Fibro General 3,469,5.50922119111946,
Endocardial,Fetal Hematopoeitic Stem,294,3.45354164219429,
Endocardial,Fetal Inhibitory Neuron 1,344,4.04087865617291,
Endocardial,Fetal Macrophage General 1,301,3.5357688241513,
Endocardial,Fetal Macrophage General 2,139,1.63279689886057,
Endocardial,Fetal Macrophage General 3,152,1.78550452249501,
Endocardial,Fetal Macrophage General 4,160,1.87947844473159,
Endocardial,Fetal Macrophage Hepatic 1,504,5.9203571009045,
Endocardial,Fetal Macrophage Hepatic 2,348,4.0878656172912,
Endocardial,Fetal Macrophage Hepatic 3,444,5.21555268413015,
Endocardial,Fetal Macrophage Placental,472,5.54446141195818,
Endocardial,Fetal Schwann General,286,3.35956771995771,
Endocardial,Fetal T Lymphocyte 1  CD4  ,406,4.7691765535064,
Endocardial,Fetal T Lymphocyte 2  Cytotoxic ,219,2.57253612122636,
Endocardial,Fetal T Lymphocyte 3  IL2  ,224,2.63126982262422,
Endocardial,Fetal Thymocyte,464,5.4504874897216,
Endocardial,Fetal V Cardiomyocyte,731,8.58686714436744,
Endocardial,Fibro General,610,7.16551157053918,
Endocardial,Lymphatic,1377,16.1752613649712,
Endocardial,Macrophage Gen or Alv,472,5.54446141195818,
Endocardial,Macrophage General,515,6.0495712439798,
Endocardial,Mammary Basal Epi,667,7.8350757664748,
Endocardial,Mast,406,4.7691765535064,
Endocardial,Melanocyte,149,1.75026430165629,
Endocardial,Memory B,137,1.60930341830142,
Endocardial,Mesothelial,272,3.1951133560437,
Endocardial,Microglia,166,1.94995888640902,
Endocardial,Naive T,199,2.33760131563491,
Endocardial,Natural Killer T,200,2.34934805591448,
Endocardial,Oligo Precursor,237,2.78397744625866,
Endocardial,Oligodendrocyte,272,3.1951133560437,
Endocardial,Pericyte General 1,91,1.06895336544109,
Endocardial,Pericyte General 2,215,2.52554916010807,
Endocardial,Pericyte General 3,257,3.01891225185011,
Endocardial,Pericyte General 4,207,2.43157523787149,
Endocardial,Pericyte Muscularis,283,3.32432749911899,
Endocardial,Plasma B,215,2.52554916010807,
Endocardial,Schwann General,362,4.25231998120522,
Endocardial,T Lymphocyte 1  CD8  ,265,3.11288617408669,
Endocardial,T lymphocyte 2  CD4  ,239,2.80747092681781,
Endocardial,V Cardiomyocyte,402,4.72218959238811,
Endocardial,Vasc Sm Muscle 1,904,10.6190532127335,
Endocardial,Vasc Sm Muscle 2,551,6.4724538940444,
PC,A Cardiomyocyte,78,2.12129453358716,
PC,Adipocyte,401,10.9056295893391,
PC,Alpha 1,150,4.0794125645907,
PC,Alveolar Cap Endo,91,2.47484362251836,
PC,Alveolar Type 2  Immune ,73,1.98531411476747,
PC,Cardiac Fibroblast,331,9.00190372586348,
PC,Cardiac Pericyte 1,3361,91.4060375305956,Cardiac Pericyte 1
PC,Cardiac Pericyte 2,1460,39.7062822953495,
PC,Cardiac Pericyte 3,1525,41.4740277400054,
PC,Colon Epithelial 3,66,1.79494152841991,
PC,Endocardial,51,1.38700027196084,
PC,Endothelial Exocrine,124,3.37231438672831,
PC,Endothelial General 1,113,3.07315746532499,
PC,Endothelial General 2,58,1.5773728583084,
PC,Endothelial General 3,126,3.42670655425619,
PC,Endothelial Myocardial,263,7.15257002991569,
PC,Esophageal Epithelial,153,4.16100081588251,
PC,Fetal A Cardiomyocyte,115,3.12754963285287,
PC,Fetal Alveolar Cap Endo,250,6.7990209409845,
PC,Fetal Astrocyte 2,79,2.1484906173511,
PC,Fetal B Lymphocyte 1  SPIB  ,123,3.34511830296437,
PC,Fetal B Lymphocyte 2  CXCR5  ,50,1.3598041881969,
PC,Fetal Cardiac Fibroblast,443,12.0478651074245,
PC,Fetal Cholangiocyte,18,0.489529507750884,
PC,Fetal Endocardial,45,1.22382376937721,
PC,Fetal Endothelial General 1,738,20.0707098177862,
PC,Fetal Endothelial General 2,348,9.46423714985042,
PC,Fetal Endothelial Hepatic 1,247,6.71743268969269,
PC,Fetal Endothelial Hepatic 2,100,2.7196083763938,
PC,Fetal Enteric Glia,82,2.23007886864292,
PC,Fetal Enterocyte 2,213,5.79276584171879,
PC,Fetal Fibro General 3,1566,42.5890671743269,
PC,Fetal Hematopoeitic Stem,47,1.27821593690509,
PC,Fetal Inhibitory Neuron 1,120,3.26353005167256,
PC,Fetal Macrophage General 1,93,2.52923579004623,
PC,Fetal Macrophage General 2,63,1.71335327712809,
PC,Fetal Macrophage General 3,40,1.08784335055752,
PC,Fetal Macrophage General 4,56,1.52298069078053,
PC,Fetal Macrophage Hepatic 1,158,4.2969812347022,
PC,Fetal Macrophage Hepatic 2,64,1.74054936089203,
PC,Fetal Macrophage Hepatic 3,134,3.64427522436769,
PC,Fetal Macrophage Placental,137,3.72586347565951,
PC,Fetal Schwann General,112,3.04596138156106,
PC,Fetal T Lymphocyte 1  CD4  ,72,1.95811803100354,
PC,Fetal T Lymphocyte 2  Cytotoxic ,45,1.22382376937721,
PC,Fetal T Lymphocyte 3  IL2  ,48,1.30541202066902,
PC,Fetal Thymocyte,126,3.42670655425619,
PC,Fetal V Cardiomyocyte,292,7.94125645906989,
PC,Fibro General,474,12.8909437041066,
PC,Lymphatic,161,4.37856948599402,
PC,Macrophage Gen or Alv,158,4.2969812347022,
PC,Macrophage General,141,3.83464781071526,
PC,Mammary Basal Epi,109,2.96437313026924,
PC,Mast,61,1.65896110960022,
PC,Melanocyte,105,2.85558879521349,
PC,Memory B,45,1.22382376937721,
PC,Mesothelial,61,1.65896110960022,
PC,Microglia,37,1.00625509926571,
PC,Naive T,42,1.1422355180854,
PC,Natural Killer T,44,1.19662768561327,
PC,Oligo Precursor,89,2.42045145499048,
PC,Oligodendrocyte,57,1.55017677454447,
PC,Pericyte General 1,1426,38.7816154473756,
PC,Pericyte General 2,830,22.5727495240685,
PC,Pericyte General 3,1819,49.4696763666032,
PC,Pericyte General 4,1374,37.3674190916508,
PC,Pericyte Muscularis,2727,74.1637204242589,
PC,Plasma B,51,1.38700027196084,
PC,Schwann General,153,4.16100081588251,
PC,T Lymphocyte 1  CD8  ,55,1.49578460701659,
PC,T lymphocyte 2  CD4  ,53,1.44139243948871,
PC,V Cardiomyocyte,146,3.97062822953495,
PC,Vasc Sm Muscle 1,280,7.61490345390264,
PC,Vasc Sm Muscle 2,322,8.75713897198803,
SMC,A Cardiomyocyte,8,3.94088669950739,
SMC,Adipocyte,32,15.7635467980296,
SMC,Alpha 1,14,6.89655172413793,
SMC,Alveolar Cap Endo,4,1.97044334975369,
SMC,Alveolar Type 2  Immune ,7,3.44827586206897,
SMC,Cardiac Fibroblast,12,5.91133004926108,
SMC,Cardiac Pericyte 1,56,27.5862068965517,
SMC,Cardiac Pericyte 2,107,52.7093596059113,
SMC,Cardiac Pericyte 3,23,11.3300492610837,
SMC,Colon Epithelial 3,5,2.46305418719212,
SMC,Endocardial,3,1.47783251231527,
SMC,Endothelial Exocrine,3,1.47783251231527,
SMC,Endothelial General 1,12,5.91133004926108,
SMC,Endothelial General 2,7,3.44827586206897,
SMC,Endothelial General 3,4,1.97044334975369,
SMC,Endothelial Myocardial,10,4.92610837438424,
SMC,Esophageal Epithelial,10,4.92610837438424,
SMC,Fetal A Cardiomyocyte,12,5.91133004926108,
SMC,Fetal Alveolar Cap Endo,7,3.44827586206897,
SMC,Fetal Astrocyte 2,20,9.85221674876847,
SMC,Fetal B Lymphocyte 1  SPIB  ,2,0.985221674876847,
SMC,Fetal B Lymphocyte 2  CXCR5  ,1,0.492610837438424,
SMC,Fetal Cardiac Fibroblast,23,11.3300492610837,
SMC,Fetal Cholangiocyte,2,0.985221674876847,
SMC,Fetal Endocardial,8,3.94088669950739,
SMC,Fetal Endothelial General 1,13,6.40394088669951,
SMC,Fetal Endothelial General 2,8,3.94088669950739,
SMC,Fetal Endothelial Hepatic 1,8,3.94088669950739,
SMC,Fetal Endothelial Hepatic 2,4,1.97044334975369,
SMC,Fetal Enteric Glia,8,3.94088669950739,
SMC,Fetal Enterocyte 2,17,8.3743842364532,
SMC,Fetal Fibro General 3,47,23.1527093596059,
SMC,Fetal Hematopoeitic Stem,2,0.985221674876847,
SMC,Fetal Inhibitory Neuron 1,12,5.91133004926108,
SMC,Fetal Macrophage General 1,5,2.46305418719212,
SMC,Fetal Macrophage General 2,3,1.47783251231527,
SMC,Fetal Macrophage General 3,2,0.985221674876847,
SMC,Fetal Macrophage General 4,0,0,
SMC,Fetal Macrophage Hepatic 1,11,5.41871921182266,
SMC,Fetal Macrophage Hepatic 2,7,3.44827586206897,
SMC,Fetal Macrophage Hepatic 3,8,3.94088669950739,
SMC,Fetal Macrophage Placental,5,2.46305418719212,
SMC,Fetal Schwann General,12,5.91133004926108,
SMC,Fetal T Lymphocyte 1  CD4  ,5,2.46305418719212,
SMC,Fetal T Lymphocyte 2  Cytotoxic ,1,0.492610837438424,
SMC,Fetal T Lymphocyte 3  IL2  ,3,1.47783251231527,
SMC,Fetal Thymocyte,6,2.95566502463054,
SMC,Fetal V Cardiomyocyte,19,9.35960591133005,
SMC,Fibro General,27,13.3004926108374,
SMC,Lymphatic,6,2.95566502463054,
SMC,Macrophage Gen or Alv,5,2.46305418719212,
SMC,Macrophage General,2,0.985221674876847,
SMC,Mammary Basal Epi,13,6.40394088669951,
SMC,Mast,2,0.985221674876847,
SMC,Melanocyte,7,3.44827586206897,
SMC,Memory B,1,0.492610837438424,
SMC,Mesothelial,10,4.92610837438424,
SMC,Microglia,3,1.47783251231527,
SMC,Naive T,4,1.97044334975369,
SMC,Natural Killer T,0,0,
SMC,Oligo Precursor,12,5.91133004926108,
SMC,Oligodendrocyte,6,2.95566502463054,
SMC,Pericyte General 1,52,25.615763546798,
SMC,Pericyte General 2,118,58.128078817734,Pericyte General 2
SMC,Pericyte General 3,80,39.4088669950739,
SMC,Pericyte General 4,43,21.1822660098522,
SMC,Pericyte Muscularis,48,23.6453201970443,
SMC,Plasma B,3,1.47783251231527,
SMC,Schwann General,10,4.92610837438424,
SMC,T Lymphocyte 1  CD8  ,0,0,
SMC,T lymphocyte 2  CD4  ,0,0,
SMC,V Cardiomyocyte,13,6.40394088669951,
SMC,Vasc Sm Muscle 1,99,48.768472906404,
SMC,Vasc Sm Muscle 2,96,47.2906403940887,
Lymphoid,A Cardiomyocyte,12,1.18577075098814,
Lymphoid,Adipocyte,18,1.77865612648221,
Lymphoid,Alpha 1,86,8.49802371541502,
Lymphoid,Alveolar Cap Endo,52,5.13833992094862,
Lymphoid,Alveolar Type 2  Immune ,388,38.3399209486166,
Lymphoid,Cardiac Fibroblast,15,1.48221343873518,
Lymphoid,Cardiac Pericyte 1,11,1.08695652173913,
Lymphoid,Cardiac Pericyte 2,7,0.691699604743083,
Lymphoid,Cardiac Pericyte 3,8,0.790513833992095,
Lymphoid,Colon Epithelial 3,57,5.63241106719368,
Lymphoid,Endocardial,25,2.4703557312253,
Lymphoid,Endothelial Exocrine,18,1.77865612648221,
Lymphoid,Endothelial General 1,47,4.64426877470356,
Lymphoid,Endothelial General 2,25,2.4703557312253,
Lymphoid,Endothelial General 3,40,3.95256916996047,
Lymphoid,Endothelial Myocardial,55,5.43478260869565,
Lymphoid,Esophageal Epithelial,159,15.7114624505929,
Lymphoid,Fetal A Cardiomyocyte,22,2.17391304347826,
Lymphoid,Fetal Alveolar Cap Endo,46,4.54545454545455,
Lymphoid,Fetal Astrocyte 2,12,1.18577075098814,
Lymphoid,Fetal B Lymphocyte 1  SPIB  ,291,28.7549407114625,
Lymphoid,Fetal B Lymphocyte 2  CXCR5  ,359,35.4743083003953,
Lymphoid,Fetal Cardiac Fibroblast,18,1.77865612648221,
Lymphoid,Fetal Cholangiocyte,11,1.08695652173913,
Lymphoid,Fetal Endocardial,13,1.28458498023715,
Lymphoid,Fetal Endothelial General 1,71,7.01581027667984,
Lymphoid,Fetal Endothelial General 2,51,5.03952569169961,
Lymphoid,Fetal Endothelial Hepatic 1,46,4.54545454545455,
Lymphoid,Fetal Endothelial Hepatic 2,40,3.95256916996047,
Lymphoid,Fetal Enteric Glia,14,1.38339920948617,
Lymphoid,Fetal Enterocyte 2,349,34.4861660079051,
Lymphoid,Fetal Fibro General 3,18,1.77865612648221,
Lymphoid,Fetal Hematopoeitic Stem,272,26.8774703557312,
Lymphoid,Fetal Inhibitory Neuron 1,30,2.96442687747036,
Lymphoid,Fetal Macrophage General 1,128,12.6482213438735,
Lymphoid,Fetal Macrophage General 2,57,5.63241106719368,
Lymphoid,Fetal Macrophage General 3,135,13.3399209486166,
Lymphoid,Fetal Macrophage General 4,113,11.1660079051383,
Lymphoid,Fetal Macrophage Hepatic 1,90,8.89328063241107,
Lymphoid,Fetal Macrophage Hepatic 2,66,6.52173913043478,
Lymphoid,Fetal Macrophage Hepatic 3,48,4.74308300395257,
Lymphoid,Fetal Macrophage Placental,108,10.6719367588933,
Lymphoid,Fetal Schwann General,17,1.6798418972332,
Lymphoid,Fetal T Lymphocyte 1  CD4  ,853,84.2885375494071,
Lymphoid,Fetal T Lymphocyte 2  Cytotoxic ,850,83.9920948616601,
Lymphoid,Fetal T Lymphocyte 3  IL2  ,681,67.2924901185771,
Lymphoid,Fetal Thymocyte,650,64.2292490118577,
Lymphoid,Fetal V Cardiomyocyte,48,4.74308300395257,
Lymphoid,Fibro General,32,3.16205533596838,
Lymphoid,Lymphatic,66,6.52173913043478,
Lymphoid,Macrophage Gen or Alv,239,23.6166007905138,
Lymphoid,Macrophage General,194,19.1699604743083,
Lymphoid,Mammary Basal Epi,90,8.89328063241107,
Lymphoid,Mast,227,22.4308300395257,
Lymphoid,Melanocyte,26,2.56916996047431,
Lymphoid,Memory B,407,40.2173913043478,
Lymphoid,Mesothelial,14,1.38339920948617,
Lymphoid,Microglia,42,4.1501976284585,
Lymphoid,Naive T,873,86.2648221343874,
Lymphoid,Natural Killer T,933,92.1936758893281,
Lymphoid,Oligo Precursor,12,1.18577075098814,
Lymphoid,Oligodendrocyte,16,1.58102766798419,
Lymphoid,Pericyte General 1,6,0.592885375494071,
Lymphoid,Pericyte General 2,4,0.395256916996047,
Lymphoid,Pericyte General 3,7,0.691699604743083,
Lymphoid,Pericyte General 4,11,1.08695652173913,
Lymphoid,Pericyte Muscularis,8,0.790513833992095,
Lymphoid,Plasma B,349,34.4861660079051,
Lymphoid,Schwann General,22,2.17391304347826,
Lymphoid,T Lymphocyte 1  CD8  ,965,95.3557312252965,T Lymphocyte 1  CD8  
Lymphoid,T lymphocyte 2  CD4  ,881,87.0553359683794,
Lymphoid,V Cardiomyocyte,16,1.58102766798419,
Lymphoid,Vasc Sm Muscle 1,20,1.97628458498024,
Lymphoid,Vasc Sm Muscle 2,23,2.27272727272727,
Neuron,A Cardiomyocyte,23,2.41596638655462,
Neuron,Adipocyte,74,7.77310924369748,
Neuron,Alpha 1,49,5.14705882352941,
Neuron,Alveolar Cap Endo,30,3.15126050420168,
Neuron,Alveolar Type 2  Immune ,30,3.15126050420168,
Neuron,Cardiac Fibroblast,35,3.67647058823529,
Neuron,Cardiac Pericyte 1,26,2.73109243697479,
Neuron,Cardiac Pericyte 2,22,2.3109243697479,
Neuron,Cardiac Pericyte 3,5,0.525210084033613,
Neuron,Colon Epithelial 3,29,3.04621848739496,
Neuron,Endocardial,10,1.05042016806723,
Neuron,Endothelial Exocrine,15,1.57563025210084,
Neuron,Endothelial General 1,34,3.57142857142857,
Neuron,Endothelial General 2,37,3.88655462184874,
Neuron,Endothelial General 3,32,3.36134453781513,
Neuron,Endothelial Myocardial,31,3.2563025210084,
Neuron,Esophageal Epithelial,76,7.98319327731092,
Neuron,Fetal A Cardiomyocyte,22,2.3109243697479,
Neuron,Fetal Alveolar Cap Endo,43,4.51680672268908,
Neuron,Fetal Astrocyte 2,257,26.9957983193277,
Neuron,Fetal B Lymphocyte 1  SPIB  ,19,1.99579831932773,
Neuron,Fetal B Lymphocyte 2  CXCR5  ,6,0.630252100840336,
Neuron,Fetal Cardiac Fibroblast,86,9.03361344537815,
Neuron,Fetal Cholangiocyte,18,1.89075630252101,
Neuron,Fetal Endocardial,13,1.3655462184874,
Neuron,Fetal Endothelial General 1,53,5.5672268907563,
Neuron,Fetal Endothelial General 2,24,2.52100840336134,
Neuron,Fetal Endothelial Hepatic 1,18,1.89075630252101,
Neuron,Fetal Endothelial Hepatic 2,8,0.840336134453782,
Neuron,Fetal Enteric Glia,530,55.672268907563,
Neuron,Fetal Enterocyte 2,67,7.03781512605042,
Neuron,Fetal Fibro General 3,55,5.77731092436975,
Neuron,Fetal Hematopoeitic Stem,9,0.945378151260504,
Neuron,Fetal Inhibitory Neuron 1,75,7.8781512605042,
Neuron,Fetal Macrophage General 1,14,1.47058823529412,
Neuron,Fetal Macrophage General 2,13,1.3655462184874,
Neuron,Fetal Macrophage General 3,11,1.15546218487395,
Neuron,Fetal Macrophage General 4,11,1.15546218487395,
Neuron,Fetal Macrophage Hepatic 1,19,1.99579831932773,
Neuron,Fetal Macrophage Hepatic 2,14,1.47058823529412,
Neuron,Fetal Macrophage Hepatic 3,24,2.52100840336134,
Neuron,Fetal Macrophage Placental,27,2.83613445378151,
Neuron,Fetal Schwann General,761,79.936974789916,
Neuron,Fetal T Lymphocyte 1  CD4  ,12,1.26050420168067,
Neuron,Fetal T Lymphocyte 2  Cytotoxic ,7,0.735294117647059,
Neuron,Fetal T Lymphocyte 3  IL2  ,11,1.15546218487395,
Neuron,Fetal Thymocyte,27,2.83613445378151,
Neuron,Fetal V Cardiomyocyte,58,6.09243697478992,
Neuron,Fibro General,53,5.5672268907563,
Neuron,Lymphatic,22,2.3109243697479,
Neuron,Macrophage Gen or Alv,36,3.78151260504202,
Neuron,Macrophage General,31,3.2563025210084,
Neuron,Mammary Basal Epi,213,22.3739495798319,
Neuron,Mast,14,1.47058823529412,
Neuron,Melanocyte,370,38.8655462184874,
Neuron,Memory B,10,1.05042016806723,
Neuron,Mesothelial,20,2.10084033613445,
Neuron,Microglia,8,0.840336134453782,
Neuron,Naive T,16,1.68067226890756,
Neuron,Natural Killer T,9,0.945378151260504,
Neuron,Oligo Precursor,457,48.0042016806723,
Neuron,Oligodendrocyte,487,51.155462184874,
Neuron,Pericyte General 1,14,1.47058823529412,
Neuron,Pericyte General 2,30,3.15126050420168,
Neuron,Pericyte General 3,45,4.72689075630252,
Neuron,Pericyte General 4,25,2.62605042016807,
Neuron,Pericyte Muscularis,26,2.73109243697479,
Neuron,Plasma B,10,1.05042016806723,
Neuron,Schwann General,876,92.0168067226891,Schwann General
Neuron,T Lymphocyte 1  CD8  ,11,1.15546218487395,
Neuron,T lymphocyte 2  CD4  ,9,0.945378151260504,
Neuron,V Cardiomyocyte,34,3.57142857142857,
Neuron,Vasc Sm Muscle 1,57,5.98739495798319,
Neuron,Vasc Sm Muscle 2,40,4.20168067226891,
Adipo,A Cardiomyocyte,28,3.41047503045067,
Adipo,Adipocyte,656,79.9025578562728,Adipocyte
Adipo,Alpha 1,40,4.8721071863581,
Adipo,Alveolar Cap Endo,6,0.730816077953715,
Adipo,Alveolar Type 2  Immune ,70,8.52618757612667,
Adipo,Cardiac Fibroblast,106,12.911084043849,
Adipo,Cardiac Pericyte 1,40,4.8721071863581,
Adipo,Cardiac Pericyte 2,36,4.38489646772229,
Adipo,Cardiac Pericyte 3,10,1.21802679658952,
Adipo,Colon Epithelial 3,27,3.28867235079172,
Adipo,Endocardial,5,0.609013398294762,
Adipo,Endothelial Exocrine,6,0.730816077953715,
Adipo,Endothelial General 1,14,1.70523751522534,
Adipo,Endothelial General 2,14,1.70523751522534,
Adipo,Endothelial General 3,8,0.97442143727162,
Adipo,Endothelial Myocardial,17,2.07064555420219,
Adipo,Esophageal Epithelial,113,13.7637028014616,
Adipo,Fetal A Cardiomyocyte,16,1.94884287454324,
Adipo,Fetal Alveolar Cap Endo,14,1.70523751522534,
Adipo,Fetal Astrocyte 2,52,6.33373934226553,
Adipo,Fetal B Lymphocyte 1  SPIB  ,12,1.46163215590743,
Adipo,Fetal B Lymphocyte 2  CXCR5  ,10,1.21802679658952,
Adipo,Fetal Cardiac Fibroblast,35,4.26309378806334,
Adipo,Fetal Cholangiocyte,4,0.48721071863581,
Adipo,Fetal Endocardial,10,1.21802679658952,
Adipo,Fetal Endothelial General 1,16,1.94884287454324,
Adipo,Fetal Endothelial General 2,5,0.609013398294762,
Adipo,Fetal Endothelial Hepatic 1,5,0.609013398294762,
Adipo,Fetal Endothelial Hepatic 2,3,0.365408038976857,
Adipo,Fetal Enteric Glia,18,2.19244823386114,
Adipo,Fetal Enterocyte 2,55,6.69914738124239,
Adipo,Fetal Fibro General 3,19,2.3142509135201,
Adipo,Fetal Hematopoeitic Stem,9,1.09622411693057,
Adipo,Fetal Inhibitory Neuron 1,16,1.94884287454324,
Adipo,Fetal Macrophage General 1,17,2.07064555420219,
Adipo,Fetal Macrophage General 2,10,1.21802679658952,
Adipo,Fetal Macrophage General 3,26,3.16686967113276,
Adipo,Fetal Macrophage General 4,11,1.33982947624848,
Adipo,Fetal Macrophage Hepatic 1,36,4.38489646772229,
Adipo,Fetal Macrophage Hepatic 2,17,2.07064555420219,
Adipo,Fetal Macrophage Hepatic 3,46,5.60292326431182,
Adipo,Fetal Macrophage Placental,32,3.89768574908648,
Adipo,Fetal Schwann General,26,3.16686967113276,
Adipo,Fetal T Lymphocyte 1  CD4  ,13,1.58343483556638,
Adipo,Fetal T Lymphocyte 2  Cytotoxic ,7,0.852618757612668,
Adipo,Fetal T Lymphocyte 3  IL2  ,12,1.46163215590743,
Adipo,Fetal Thymocyte,25,3.04506699147381,
Adipo,Fetal V Cardiomyocyte,36,4.38489646772229,
Adipo,Fibro General,147,17.904993909866,
Adipo,Lymphatic,22,2.67965895249696,
Adipo,Macrophage Gen or Alv,105,12.78928136419,
Adipo,Macrophage General,60,7.30816077953715,
Adipo,Mammary Basal Epi,90,10.9622411693057,
Adipo,Mast,4,0.48721071863581,
Adipo,Melanocyte,13,1.58343483556638,
Adipo,Memory B,6,0.730816077953715,
Adipo,Mesothelial,38,4.6285018270402,
Adipo,Microglia,10,1.21802679658952,
Adipo,Naive T,17,2.07064555420219,
Adipo,Natural Killer T,4,0.48721071863581,
Adipo,Oligo Precursor,28,3.41047503045067,
Adipo,Oligodendrocyte,21,2.557856272838,
Adipo,Pericyte General 1,26,3.16686967113276,
Adipo,Pericyte General 2,46,5.60292326431182,
Adipo,Pericyte General 3,71,8.64799025578563,
Adipo,Pericyte General 4,16,1.94884287454324,
Adipo,Pericyte Muscularis,39,4.75030450669915,
Adipo,Plasma B,13,1.58343483556638,
Adipo,Schwann General,47,5.72472594397077,
Adipo,T Lymphocyte 1  CD8  ,9,1.09622411693057,
Adipo,T lymphocyte 2  CD4  ,7,0.852618757612668,
Adipo,V Cardiomyocyte,54,6.57734470158344,
Adipo,Vasc Sm Muscle 1,74,9.01339829476248,
Adipo,Vasc Sm Muscle 2,75,9.13520097442144,
